ticket_id,address
1,"1000 Pine St, Detroit, MI 48200"
2,"1001 Pine St, Detroit, MI 48201"
3,"1002 Maple St, Detroit, MI 48202"
4,"1003 Pine St, Detroit, MI 48203"
5,"1004 Maple St, Detroit, MI 48204"
6,"1005 Maple St, Detroit, MI 48205"
7,"1006 Pine St, Detroit, MI 48206"
8,"1007 Main St, Detroit, MI 48207"
9,"1008 Main St, Detroit, MI 48208"
10,"1009 Oak St, Detroit, MI 48209"
11,"1010 Pine St, Detroit, MI 48200"
12,"1011 Oak St, Detroit, MI 48201"
13,"1012 Maple St, Detroit, MI 48202"
14,"1013 Main St, Detroit, MI 48203"
15,"1014 Pine St, Detroit, MI 48204"
16,"1015 Pine St, Detroit, MI 48205"
17,"1016 Pine St, Detroit, MI 48206"
18,"1017 Main St, Detroit, MI 48207"
19,"1018 Oak St, Detroit, MI 48208"
20,"1019 Main St, Detroit, MI 48209"
21,"1020 Oak St, Detroit, MI 48200"
22,"1021 Maple St, Detroit, MI 48201"
23,"1022 Maple St, Detroit, MI 48202"
24,"1023 Oak St, Detroit, MI 48203"
25,"1024 Maple St, Detroit, MI 48204"
26,"1025 Maple St, Detroit, MI 48205"
27,"1026 Pine St, Detroit, MI 48206"
28,"1027 Pine St, Detroit, MI 48207"
29,"1028 Main St, Detroit, MI 48208"
30,"1029 Main St, Detroit, MI 48209"
31,"1030 Main St, Detroit, MI 48200"
32,"1031 Pine St, Detroit, MI 48201"
33,"1032 Main St, Detroit, MI 48202"
34,"1033 Main St, Detroit, MI 48203"
35,"1034 Pine St, Detroit, MI 48204"
36,"1035 Oak St, Detroit, MI 48205"
37,"1036 Pine St, Detroit, MI 48206"
38,"1037 Oak St, Detroit, MI 48207"
39,"1038 Pine St, Detroit, MI 48208"
40,"1039 Main St, Detroit, MI 48209"
41,"1040 Maple St, Detroit, MI 48200"
42,"1041 Maple St, Detroit, MI 48201"
43,"1042 Oak St, Detroit, MI 48202"
44,"1043 Oak St, Detroit, MI 48203"
45,"1044 Oak St, Detroit, MI 48204"
46,"1045 Maple St, Detroit, MI 48205"
47,"1046 Oak St, Detroit, MI 48206"
48,"1047 Pine St, Detroit, MI 48207"
49,"1048 Pine St, Detroit, MI 48208"
50,"1049 Maple St, Detroit, MI 48209"
51,"1050 Pine St, Detroit, MI 48200"
52,"1051 Oak St, Detroit, MI 48201"
53,"1052 Maple St, Detroit, MI 48202"
54,"1053 Oak St, Detroit, MI 48203"
55,"1054 Pine St, Detroit, MI 48204"
56,"1055 Oak St, Detroit, MI 48205"
57,"1056 Maple St, Detroit, MI 48206"
58,"1057 Oak St, Detroit, MI 48207"
59,"1058 Pine St, Detroit, MI 48208"
60,"1059 Main St, Detroit, MI 48209"
61,"1060 Maple St, Detroit, MI 48200"
62,"1061 Oak St, Detroit, MI 48201"
63,"1062 Maple St, Detroit, MI 48202"
64,"1063 Oak St, Detroit, MI 48203"
65,"1064 Main St, Detroit, MI 48204"
66,"1065 Pine St, Detroit, MI 48205"
67,"1066 Oak St, Detroit, MI 48206"
68,"1067 Oak St, Detroit, MI 48207"
69,"1068 Main St, Detroit, MI 48208"
70,"1069 Maple St, Detroit, MI 48209"
71,"1070 Pine St, Detroit, MI 48200"
72,"1071 Oak St, Detroit, MI 48201"
73,"1072 Oak St, Detroit, MI 48202"
74,"1073 Pine St, Detroit, MI 48203"
75,"1074 Main St, Detroit, MI 48204"
76,"1075 Maple St, Detroit, MI 48205"
77,"1076 Pine St, Detroit, MI 48206"
78,"1077 Maple St, Detroit, MI 48207"
79,"1078 Main St, Detroit, MI 48208"
80,"1079 Main St, Detroit, MI 48209"
81,"1080 Pine St, Detroit, MI 48200"
82,"1081 Oak St, Detroit, MI 48201"
83,"1082 Main St, Detroit, MI 48202"
84,"1083 Main St, Detroit, MI 48203"
85,"1084 Pine St, Detroit, MI 48204"
86,"1085 Pine St, Detroit, MI 48205"
87,"1086 Pine St, Detroit, MI 48206"
88,"1087 Main St, Detroit, MI 48207"
89,"1088 Maple St, Detroit, MI 48208"
90,"1089 Main St, Detroit, MI 48209"
91,"1090 Pine St, Detroit, MI 48200"
92,"1091 Oak St, Detroit, MI 48201"
93,"1092 Oak St, Detroit, MI 48202"
94,"1093 Pine St, Detroit, MI 48203"
95,"1094 Oak St, Detroit, MI 48204"
96,"1095 Main St, Detroit, MI 48205"
97,"1096 Maple St, Detroit, MI 48206"
98,"1097 Main St, Detroit, MI 48207"
99,"1098 Pine St, Detroit, MI 48208"
100,"1099 Main St, Detroit, MI 48209"
101,"1000 Pine St, Detroit, MI 48200"
102,"1001 Pine St, Detroit, MI 48201"
103,"1002 Maple St, Detroit, MI 48202"
104,"1003 Pine St, Detroit, MI 48203"
105,"1004 Maple St, Detroit, MI 48204"
106,"1005 Maple St, Detroit, MI 48205"
107,"1006 Pine St, Detroit, MI 48206"
108,"1007 Main St, Detroit, MI 48207"
109,"1008 Main St, Detroit, MI 48208"
110,"1009 Oak St, Detroit, MI 48209"
111,"1010 Pine St, Detroit, MI 48200"
112,"1011 Oak St, Detroit, MI 48201"
113,"1012 Maple St, Detroit, MI 48202"
114,"1013 Main St, Detroit, MI 48203"
115,"1014 Pine St, Detroit, MI 48204"
116,"1015 Pine St, Detroit, MI 48205"
117,"1016 Pine St, Detroit, MI 48206"
118,"1017 Main St, Detroit, MI 48207"
119,"1018 Oak St, Detroit, MI 48208"
120,"1019 Main St, Detroit, MI 48209"
121,"1020 Oak St, Detroit, MI 48200"
122,"1021 Maple St, Detroit, MI 48201"
123,"1022 Maple St, Detroit, MI 48202"
124,"1023 Oak St, Detroit, MI 48203"
125,"1024 Maple St, Detroit, MI 48204"
126,"1025 Maple St, Detroit, MI 48205"
127,"1026 Pine St, Detroit, MI 48206"
128,"1027 Pine St, Detroit, MI 48207"
129,"1028 Main St, Detroit, MI 48208"
130,"1029 Main St, Detroit, MI 48209"
131,"1030 Main St, Detroit, MI 48200"
132,"1031 Pine St, Detroit, MI 48201"
133,"1032 Main St, Detroit, MI 48202"
134,"1033 Main St, Detroit, MI 48203"
135,"1034 Pine St, Detroit, MI 48204"
136,"1035 Oak St, Detroit, MI 48205"
137,"1036 Pine St, Detroit, MI 48206"
138,"1037 Oak St, Detroit, MI 48207"
139,"1038 Pine St, Detroit, MI 48208"
140,"1039 Main St, Detroit, MI 48209"
141,"1040 Maple St, Detroit, MI 48200"
142,"1041 Maple St, Detroit, MI 48201"
143,"1042 Oak St, Detroit, MI 48202"
144,"1043 Oak St, Detroit, MI 48203"
145,"1044 Oak St, Detroit, MI 48204"
146,"1045 Maple St, Detroit, MI 48205"
147,"1046 Oak St, Detroit, MI 48206"
148,"1047 Pine St, Detroit, MI 48207"
149,"1048 Pine St, Detroit, MI 48208"
150,"1049 Maple St, Detroit, MI 48209"
151,"1050 Pine St, Detroit, MI 48200"
152,"1051 Oak St, Detroit, MI 48201"
153,"1052 Maple St, Detroit, MI 48202"
154,"1053 Oak St, Detroit, MI 48203"
155,"1054 Pine St, Detroit, MI 48204"
156,"1055 Oak St, Detroit, MI 48205"
157,"1056 Maple St, Detroit, MI 48206"
158,"1057 Oak St, Detroit, MI 48207"
159,"1058 Pine St, Detroit, MI 48208"
160,"1059 Main St, Detroit, MI 48209"
161,"1060 Maple St, Detroit, MI 48200"
162,"1061 Oak St, Detroit, MI 48201"
163,"1062 Maple St, Detroit, MI 48202"
164,"1063 Oak St, Detroit, MI 48203"
165,"1064 Main St, Detroit, MI 48204"
166,"1065 Pine St, Detroit, MI 48205"
167,"1066 Oak St, Detroit, MI 48206"
168,"1067 Oak St, Detroit, MI 48207"
169,"1068 Main St, Detroit, MI 48208"
170,"1069 Maple St, Detroit, MI 48209"
171,"1070 Pine St, Detroit, MI 48200"
172,"1071 Oak St, Detroit, MI 48201"
173,"1072 Oak St, Detroit, MI 48202"
174,"1073 Pine St, Detroit, MI 48203"
175,"1074 Main St, Detroit, MI 48204"
176,"1075 Maple St, Detroit, MI 48205"
177,"1076 Pine St, Detroit, MI 48206"
178,"1077 Maple St, Detroit, MI 48207"
179,"1078 Main St, Detroit, MI 48208"
180,"1079 Main St, Detroit, MI 48209"
181,"1080 Pine St, Detroit, MI 48200"
182,"1081 Oak St, Detroit, MI 48201"
183,"1082 Main St, Detroit, MI 48202"
184,"1083 Main St, Detroit, MI 48203"
185,"1084 Pine St, Detroit, MI 48204"
186,"1085 Pine St, Detroit, MI 48205"
187,"1086 Pine St, Detroit, MI 48206"
188,"1087 Main St, Detroit, MI 48207"
189,"1088 Maple St, Detroit, MI 48208"
190,"1089 Main St, Detroit, MI 48209"
191,"1090 Pine St, Detroit, MI 48200"
192,"1091 Oak St, Detroit, MI 48201"
193,"1092 Oak St, Detroit, MI 48202"
194,"1093 Pine St, Detroit, MI 48203"
195,"1094 Oak St, Detroit, MI 48204"
196,"1095 Main St, Detroit, MI 48205"
197,"1096 Maple St, Detroit, MI 48206"
198,"1097 Main St, Detroit, MI 48207"
199,"1098 Pine St, Detroit, MI 48208"
200,"1099 Main St, Detroit, MI 48209"
201,"1000 Pine St, Detroit, MI 48200"
202,"1001 Pine St, Detroit, MI 48201"
203,"1002 Maple St, Detroit, MI 48202"
204,"1003 Pine St, Detroit, MI 48203"
205,"1004 Maple St, Detroit, MI 48204"
206,"1005 Maple St, Detroit, MI 48205"
207,"1006 Pine St, Detroit, MI 48206"
208,"1007 Main St, Detroit, MI 48207"
209,"1008 Main St, Detroit, MI 48208"
210,"1009 Oak St, Detroit, MI 48209"
211,"1010 Pine St, Detroit, MI 48200"
212,"1011 Oak St, Detroit, MI 48201"
213,"1012 Maple St, Detroit, MI 48202"
214,"1013 Main St, Detroit, MI 48203"
215,"1014 Pine St, Detroit, MI 48204"
216,"1015 Pine St, Detroit, MI 48205"
217,"1016 Pine St, Detroit, MI 48206"
218,"1017 Main St, Detroit, MI 48207"
219,"1018 Oak St, Detroit, MI 48208"
220,"1019 Main St, Detroit, MI 48209"
221,"1020 Oak St, Detroit, MI 48200"
222,"1021 Maple St, Detroit, MI 48201"
223,"1022 Maple St, Detroit, MI 48202"
224,"1023 Oak St, Detroit, MI 48203"
225,"1024 Maple St, Detroit, MI 48204"
226,"1025 Maple St, Detroit, MI 48205"
227,"1026 Pine St, Detroit, MI 48206"
228,"1027 Pine St, Detroit, MI 48207"
229,"1028 Main St, Detroit, MI 48208"
230,"1029 Main St, Detroit, MI 48209"
231,"1030 Main St, Detroit, MI 48200"
232,"1031 Pine St, Detroit, MI 48201"
233,"1032 Main St, Detroit, MI 48202"
234,"1033 Main St, Detroit, MI 48203"
235,"1034 Pine St, Detroit, MI 48204"
236,"1035 Oak St, Detroit, MI 48205"
237,"1036 Pine St, Detroit, MI 48206"
238,"1037 Oak St, Detroit, MI 48207"
239,"1038 Pine St, Detroit, MI 48208"
240,"1039 Main St, Detroit, MI 48209"
241,"1040 Maple St, Detroit, MI 48200"
242,"1041 Maple St, Detroit, MI 48201"
243,"1042 Oak St, Detroit, MI 48202"
244,"1043 Oak St, Detroit, MI 48203"
245,"1044 Oak St, Detroit, MI 48204"
246,"1045 Maple St, Detroit, MI 48205"
247,"1046 Oak St, Detroit, MI 48206"
248,"1047 Pine St, Detroit, MI 48207"
249,"1048 Pine St, Detroit, MI 48208"
250,"1049 Maple St, Detroit, MI 48209"
251,"1050 Pine St, Detroit, MI 48200"
252,"1051 Oak St, Detroit, MI 48201"
253,"1052 Maple St, Detroit, MI 48202"
254,"1053 Oak St, Detroit, MI 48203"
255,"1054 Pine St, Detroit, MI 48204"
256,"1055 Oak St, Detroit, MI 48205"
257,"1056 Maple St, Detroit, MI 48206"
258,"1057 Oak St, Detroit, MI 48207"
259,"1058 Pine St, Detroit, MI 48208"
260,"1059 Main St, Detroit, MI 48209"
261,"1060 Maple St, Detroit, MI 48200"
262,"1061 Oak St, Detroit, MI 48201"
263,"1062 Maple St, Detroit, MI 48202"
264,"1063 Oak St, Detroit, MI 48203"
265,"1064 Main St, Detroit, MI 48204"
266,"1065 Pine St, Detroit, MI 48205"
267,"1066 Oak St, Detroit, MI 48206"
268,"1067 Oak St, Detroit, MI 48207"
269,"1068 Main St, Detroit, MI 48208"
270,"1069 Maple St, Detroit, MI 48209"
271,"1070 Pine St, Detroit, MI 48200"
272,"1071 Oak St, Detroit, MI 48201"
273,"1072 Oak St, Detroit, MI 48202"
274,"1073 Pine St, Detroit, MI 48203"
275,"1074 Main St, Detroit, MI 48204"
276,"1075 Maple St, Detroit, MI 48205"
277,"1076 Pine St, Detroit, MI 48206"
278,"1077 Maple St, Detroit, MI 48207"
279,"1078 Main St, Detroit, MI 48208"
280,"1079 Main St, Detroit, MI 48209"
281,"1080 Pine St, Detroit, MI 48200"
282,"1081 Oak St, Detroit, MI 48201"
283,"1082 Main St, Detroit, MI 48202"
284,"1083 Main St, Detroit, MI 48203"
285,"1084 Pine St, Detroit, MI 48204"
286,"1085 Pine St, Detroit, MI 48205"
287,"1086 Pine St, Detroit, MI 48206"
288,"1087 Main St, Detroit, MI 48207"
289,"1088 Maple St, Detroit, MI 48208"
290,"1089 Main St, Detroit, MI 48209"
291,"1090 Pine St, Detroit, MI 48200"
292,"1091 Oak St, Detroit, MI 48201"
293,"1092 Oak St, Detroit, MI 48202"
294,"1093 Pine St, Detroit, MI 48203"
295,"1094 Oak St, Detroit, MI 48204"
296,"1095 Main St, Detroit, MI 48205"
297,"1096 Maple St, Detroit, MI 48206"
298,"1097 Main St, Detroit, MI 48207"
299,"1098 Pine St, Detroit, MI 48208"
300,"1099 Main St, Detroit, MI 48209"
301,"1000 Pine St, Detroit, MI 48200"
302,"1001 Pine St, Detroit, MI 48201"
303,"1002 Maple St, Detroit, MI 48202"
304,"1003 Pine St, Detroit, MI 48203"
305,"1004 Maple St, Detroit, MI 48204"
306,"1005 Maple St, Detroit, MI 48205"
307,"1006 Pine St, Detroit, MI 48206"
308,"1007 Main St, Detroit, MI 48207"
309,"1008 Main St, Detroit, MI 48208"
310,"1009 Oak St, Detroit, MI 48209"
311,"1010 Pine St, Detroit, MI 48200"
312,"1011 Oak St, Detroit, MI 48201"
313,"1012 Maple St, Detroit, MI 48202"
314,"1013 Main St, Detroit, MI 48203"
315,"1014 Pine St, Detroit, MI 48204"
316,"1015 Pine St, Detroit, MI 48205"
317,"1016 Pine St, Detroit, MI 48206"
318,"1017 Main St, Detroit, MI 48207"
319,"1018 Oak St, Detroit, MI 48208"
320,"1019 Main St, Detroit, MI 48209"
321,"1020 Oak St, Detroit, MI 48200"
322,"1021 Maple St, Detroit, MI 48201"
323,"1022 Maple St, Detroit, MI 48202"
324,"1023 Oak St, Detroit, MI 48203"
325,"1024 Maple St, Detroit, MI 48204"
326,"1025 Maple St, Detroit, MI 48205"
327,"1026 Pine St, Detroit, MI 48206"
328,"1027 Pine St, Detroit, MI 48207"
329,"1028 Main St, Detroit, MI 48208"
330,"1029 Main St, Detroit, MI 48209"
331,"1030 Main St, Detroit, MI 48200"
332,"1031 Pine St, Detroit, MI 48201"
333,"1032 Main St, Detroit, MI 48202"
334,"1033 Main St, Detroit, MI 48203"
335,"1034 Pine St, Detroit, MI 48204"
336,"1035 Oak St, Detroit, MI 48205"
337,"1036 Pine St, Detroit, MI 48206"
338,"1037 Oak St, Detroit, MI 48207"
339,"1038 Pine St, Detroit, MI 48208"
340,"1039 Main St, Detroit, MI 48209"
341,"1040 Maple St, Detroit, MI 48200"
342,"1041 Maple St, Detroit, MI 48201"
343,"1042 Oak St, Detroit, MI 48202"
344,"1043 Oak St, Detroit, MI 48203"
345,"1044 Oak St, Detroit, MI 48204"
346,"1045 Maple St, Detroit, MI 48205"
347,"1046 Oak St, Detroit, MI 48206"
348,"1047 Pine St, Detroit, MI 48207"
349,"1048 Pine St, Detroit, MI 48208"
350,"1049 Maple St, Detroit, MI 48209"
351,"1050 Pine St, Detroit, MI 48200"
352,"1051 Oak St, Detroit, MI 48201"
353,"1052 Maple St, Detroit, MI 48202"
354,"1053 Oak St, Detroit, MI 48203"
355,"1054 Pine St, Detroit, MI 48204"
356,"1055 Oak St, Detroit, MI 48205"
357,"1056 Maple St, Detroit, MI 48206"
358,"1057 Oak St, Detroit, MI 48207"
359,"1058 Pine St, Detroit, MI 48208"
360,"1059 Main St, Detroit, MI 48209"
361,"1060 Maple St, Detroit, MI 48200"
362,"1061 Oak St, Detroit, MI 48201"
363,"1062 Maple St, Detroit, MI 48202"
364,"1063 Oak St, Detroit, MI 48203"
365,"1064 Main St, Detroit, MI 48204"
366,"1065 Pine St, Detroit, MI 48205"
367,"1066 Oak St, Detroit, MI 48206"
368,"1067 Oak St, Detroit, MI 48207"
369,"1068 Main St, Detroit, MI 48208"
370,"1069 Maple St, Detroit, MI 48209"
371,"1070 Pine St, Detroit, MI 48200"
372,"1071 Oak St, Detroit, MI 48201"
373,"1072 Oak St, Detroit, MI 48202"
374,"1073 Pine St, Detroit, MI 48203"
375,"1074 Main St, Detroit, MI 48204"
376,"1075 Maple St, Detroit, MI 48205"
377,"1076 Pine St, Detroit, MI 48206"
378,"1077 Maple St, Detroit, MI 48207"
379,"1078 Main St, Detroit, MI 48208"
380,"1079 Main St, Detroit, MI 48209"
381,"1080 Pine St, Detroit, MI 48200"
382,"1081 Oak St, Detroit, MI 48201"
383,"1082 Main St, Detroit, MI 48202"
384,"1083 Main St, Detroit, MI 48203"
385,"1084 Pine St, Detroit, MI 48204"
386,"1085 Pine St, Detroit, MI 48205"
387,"1086 Pine St, Detroit, MI 48206"
388,"1087 Main St, Detroit, MI 48207"
389,"1088 Maple St, Detroit, MI 48208"
390,"1089 Main St, Detroit, MI 48209"
391,"1090 Pine St, Detroit, MI 48200"
392,"1091 Oak St, Detroit, MI 48201"
393,"1092 Oak St, Detroit, MI 48202"
394,"1093 Pine St, Detroit, MI 48203"
395,"1094 Oak St, Detroit, MI 48204"
396,"1095 Main St, Detroit, MI 48205"
397,"1096 Maple St, Detroit, MI 48206"
398,"1097 Main St, Detroit, MI 48207"
399,"1098 Pine St, Detroit, MI 48208"
400,"1099 Main St, Detroit, MI 48209"
401,"1000 Pine St, Detroit, MI 48200"
402,"1001 Pine St, Detroit, MI 48201"
403,"1002 Maple St, Detroit, MI 48202"
404,"1003 Pine St, Detroit, MI 48203"
405,"1004 Maple St, Detroit, MI 48204"
406,"1005 Maple St, Detroit, MI 48205"
407,"1006 Pine St, Detroit, MI 48206"
408,"1007 Main St, Detroit, MI 48207"
409,"1008 Main St, Detroit, MI 48208"
410,"1009 Oak St, Detroit, MI 48209"
411,"1010 Pine St, Detroit, MI 48200"
412,"1011 Oak St, Detroit, MI 48201"
413,"1012 Maple St, Detroit, MI 48202"
414,"1013 Main St, Detroit, MI 48203"
415,"1014 Pine St, Detroit, MI 48204"
416,"1015 Pine St, Detroit, MI 48205"
417,"1016 Pine St, Detroit, MI 48206"
418,"1017 Main St, Detroit, MI 48207"
419,"1018 Oak St, Detroit, MI 48208"
420,"1019 Main St, Detroit, MI 48209"
421,"1020 Oak St, Detroit, MI 48200"
422,"1021 Maple St, Detroit, MI 48201"
423,"1022 Maple St, Detroit, MI 48202"
424,"1023 Oak St, Detroit, MI 48203"
425,"1024 Maple St, Detroit, MI 48204"
426,"1025 Maple St, Detroit, MI 48205"
427,"1026 Pine St, Detroit, MI 48206"
428,"1027 Pine St, Detroit, MI 48207"
429,"1028 Main St, Detroit, MI 48208"
430,"1029 Main St, Detroit, MI 48209"
431,"1030 Main St, Detroit, MI 48200"
432,"1031 Pine St, Detroit, MI 48201"
433,"1032 Main St, Detroit, MI 48202"
434,"1033 Main St, Detroit, MI 48203"
435,"1034 Pine St, Detroit, MI 48204"
436,"1035 Oak St, Detroit, MI 48205"
437,"1036 Pine St, Detroit, MI 48206"
438,"1037 Oak St, Detroit, MI 48207"
439,"1038 Pine St, Detroit, MI 48208"
440,"1039 Main St, Detroit, MI 48209"
441,"1040 Maple St, Detroit, MI 48200"
442,"1041 Maple St, Detroit, MI 48201"
443,"1042 Oak St, Detroit, MI 48202"
444,"1043 Oak St, Detroit, MI 48203"
445,"1044 Oak St, Detroit, MI 48204"
446,"1045 Maple St, Detroit, MI 48205"
447,"1046 Oak St, Detroit, MI 48206"
448,"1047 Pine St, Detroit, MI 48207"
449,"1048 Pine St, Detroit, MI 48208"
450,"1049 Maple St, Detroit, MI 48209"
451,"1050 Pine St, Detroit, MI 48200"
452,"1051 Oak St, Detroit, MI 48201"
453,"1052 Maple St, Detroit, MI 48202"
454,"1053 Oak St, Detroit, MI 48203"
455,"1054 Pine St, Detroit, MI 48204"
456,"1055 Oak St, Detroit, MI 48205"
457,"1056 Maple St, Detroit, MI 48206"
458,"1057 Oak St, Detroit, MI 48207"
459,"1058 Pine St, Detroit, MI 48208"
460,"1059 Main St, Detroit, MI 48209"
461,"1060 Maple St, Detroit, MI 48200"
462,"1061 Oak St, Detroit, MI 48201"
463,"1062 Maple St, Detroit, MI 48202"
464,"1063 Oak St, Detroit, MI 48203"
465,"1064 Main St, Detroit, MI 48204"
466,"1065 Pine St, Detroit, MI 48205"
467,"1066 Oak St, Detroit, MI 48206"
468,"1067 Oak St, Detroit, MI 48207"
469,"1068 Main St, Detroit, MI 48208"
470,"1069 Maple St, Detroit, MI 48209"
471,"1070 Pine St, Detroit, MI 48200"
472,"1071 Oak St, Detroit, MI 48201"
473,"1072 Oak St, Detroit, MI 48202"
474,"1073 Pine St, Detroit, MI 48203"
475,"1074 Main St, Detroit, MI 48204"
476,"1075 Maple St, Detroit, MI 48205"
477,"1076 Pine St, Detroit, MI 48206"
478,"1077 Maple St, Detroit, MI 48207"
479,"1078 Main St, Detroit, MI 48208"
480,"1079 Main St, Detroit, MI 48209"
481,"1080 Pine St, Detroit, MI 48200"
482,"1081 Oak St, Detroit, MI 48201"
483,"1082 Main St, Detroit, MI 48202"
484,"1083 Main St, Detroit, MI 48203"
485,"1084 Pine St, Detroit, MI 48204"
486,"1085 Pine St, Detroit, MI 48205"
487,"1086 Pine St, Detroit, MI 48206"
488,"1087 Main St, Detroit, MI 48207"
489,"1088 Maple St, Detroit, MI 48208"
490,"1089 Main St, Detroit, MI 48209"
491,"1090 Pine St, Detroit, MI 48200"
492,"1091 Oak St, Detroit, MI 48201"
493,"1092 Oak St, Detroit, MI 48202"
494,"1093 Pine St, Detroit, MI 48203"
495,"1094 Oak St, Detroit, MI 48204"
496,"1095 Main St, Detroit, MI 48205"
497,"1096 Maple St, Detroit, MI 48206"
498,"1097 Main St, Detroit, MI 48207"
499,"1098 Pine St, Detroit, MI 48208"
500,"1099 Main St, Detroit, MI 48209"
501,"1000 Pine St, Detroit, MI 48200"
502,"1001 Pine St, Detroit, MI 48201"
503,"1002 Maple St, Detroit, MI 48202"
504,"1003 Pine St, Detroit, MI 48203"
505,"1004 Maple St, Detroit, MI 48204"
506,"1005 Maple St, Detroit, MI 48205"
507,"1006 Pine St, Detroit, MI 48206"
508,"1007 Main St, Detroit, MI 48207"
509,"1008 Main St, Detroit, MI 48208"
510,"1009 Oak St, Detroit, MI 48209"
511,"1010 Pine St, Detroit, MI 48200"
512,"1011 Oak St, Detroit, MI 48201"
513,"1012 Maple St, Detroit, MI 48202"
514,"1013 Main St, Detroit, MI 48203"
515,"1014 Pine St, Detroit, MI 48204"
516,"1015 Pine St, Detroit, MI 48205"
517,"1016 Pine St, Detroit, MI 48206"
518,"1017 Main St, Detroit, MI 48207"
519,"1018 Oak St, Detroit, MI 48208"
520,"1019 Main St, Detroit, MI 48209"
521,"1020 Oak St, Detroit, MI 48200"
522,"1021 Maple St, Detroit, MI 48201"
523,"1022 Maple St, Detroit, MI 48202"
524,"1023 Oak St, Detroit, MI 48203"
525,"1024 Maple St, Detroit, MI 48204"
526,"1025 Maple St, Detroit, MI 48205"
527,"1026 Pine St, Detroit, MI 48206"
528,"1027 Pine St, Detroit, MI 48207"
529,"1028 Main St, Detroit, MI 48208"
530,"1029 Main St, Detroit, MI 48209"
531,"1030 Main St, Detroit, MI 48200"
532,"1031 Pine St, Detroit, MI 48201"
533,"1032 Main St, Detroit, MI 48202"
534,"1033 Main St, Detroit, MI 48203"
535,"1034 Pine St, Detroit, MI 48204"
536,"1035 Oak St, Detroit, MI 48205"
537,"1036 Pine St, Detroit, MI 48206"
538,"1037 Oak St, Detroit, MI 48207"
539,"1038 Pine St, Detroit, MI 48208"
540,"1039 Main St, Detroit, MI 48209"
541,"1040 Maple St, Detroit, MI 48200"
542,"1041 Maple St, Detroit, MI 48201"
543,"1042 Oak St, Detroit, MI 48202"
544,"1043 Oak St, Detroit, MI 48203"
545,"1044 Oak St, Detroit, MI 48204"
546,"1045 Maple St, Detroit, MI 48205"
547,"1046 Oak St, Detroit, MI 48206"
548,"1047 Pine St, Detroit, MI 48207"
549,"1048 Pine St, Detroit, MI 48208"
550,"1049 Maple St, Detroit, MI 48209"
551,"1050 Pine St, Detroit, MI 48200"
552,"1051 Oak St, Detroit, MI 48201"
553,"1052 Maple St, Detroit, MI 48202"
554,"1053 Oak St, Detroit, MI 48203"
555,"1054 Pine St, Detroit, MI 48204"
556,"1055 Oak St, Detroit, MI 48205"
557,"1056 Maple St, Detroit, MI 48206"
558,"1057 Oak St, Detroit, MI 48207"
559,"1058 Pine St, Detroit, MI 48208"
560,"1059 Main St, Detroit, MI 48209"
561,"1060 Maple St, Detroit, MI 48200"
562,"1061 Oak St, Detroit, MI 48201"
563,"1062 Maple St, Detroit, MI 48202"
564,"1063 Oak St, Detroit, MI 48203"
565,"1064 Main St, Detroit, MI 48204"
566,"1065 Pine St, Detroit, MI 48205"
567,"1066 Oak St, Detroit, MI 48206"
568,"1067 Oak St, Detroit, MI 48207"
569,"1068 Main St, Detroit, MI 48208"
570,"1069 Maple St, Detroit, MI 48209"
571,"1070 Pine St, Detroit, MI 48200"
572,"1071 Oak St, Detroit, MI 48201"
573,"1072 Oak St, Detroit, MI 48202"
574,"1073 Pine St, Detroit, MI 48203"
575,"1074 Main St, Detroit, MI 48204"
576,"1075 Maple St, Detroit, MI 48205"
577,"1076 Pine St, Detroit, MI 48206"
578,"1077 Maple St, Detroit, MI 48207"
579,"1078 Main St, Detroit, MI 48208"
580,"1079 Main St, Detroit, MI 48209"
581,"1080 Pine St, Detroit, MI 48200"
582,"1081 Oak St, Detroit, MI 48201"
583,"1082 Main St, Detroit, MI 48202"
584,"1083 Main St, Detroit, MI 48203"
585,"1084 Pine St, Detroit, MI 48204"
586,"1085 Pine St, Detroit, MI 48205"
587,"1086 Pine St, Detroit, MI 48206"
588,"1087 Main St, Detroit, MI 48207"
589,"1088 Maple St, Detroit, MI 48208"
590,"1089 Main St, Detroit, MI 48209"
591,"1090 Pine St, Detroit, MI 48200"
592,"1091 Oak St, Detroit, MI 48201"
593,"1092 Oak St, Detroit, MI 48202"
594,"1093 Pine St, Detroit, MI 48203"
595,"1094 Oak St, Detroit, MI 48204"
596,"1095 Main St, Detroit, MI 48205"
597,"1096 Maple St, Detroit, MI 48206"
598,"1097 Main St, Detroit, MI 48207"
599,"1098 Pine St, Detroit, MI 48208"
600,"1099 Main St, Detroit, MI 48209"
601,"1000 Pine St, Detroit, MI 48200"
602,"1001 Pine St, Detroit, MI 48201"
603,"1002 Maple St, Detroit, MI 48202"
604,"1003 Pine St, Detroit, MI 48203"
605,"1004 Maple St, Detroit, MI 48204"
606,"1005 Maple St, Detroit, MI 48205"
607,"1006 Pine St, Detroit, MI 48206"
608,"1007 Main St, Detroit, MI 48207"
609,"1008 Main St, Detroit, MI 48208"
610,"1009 Oak St, Detroit, MI 48209"
611,"1010 Pine St, Detroit, MI 48200"
612,"1011 Oak St, Detroit, MI 48201"
613,"1012 Maple St, Detroit, MI 48202"
614,"1013 Main St, Detroit, MI 48203"
615,"1014 Pine St, Detroit, MI 48204"
616,"1015 Pine St, Detroit, MI 48205"
617,"1016 Pine St, Detroit, MI 48206"
618,"1017 Main St, Detroit, MI 48207"
619,"1018 Oak St, Detroit, MI 48208"
620,"1019 Main St, Detroit, MI 48209"
621,"1020 Oak St, Detroit, MI 48200"
622,"1021 Maple St, Detroit, MI 48201"
623,"1022 Maple St, Detroit, MI 48202"
624,"1023 Oak St, Detroit, MI 48203"
625,"1024 Maple St, Detroit, MI 48204"
626,"1025 Maple St, Detroit, MI 48205"
627,"1026 Pine St, Detroit, MI 48206"
628,"1027 Pine St, Detroit, MI 48207"
629,"1028 Main St, Detroit, MI 48208"
630,"1029 Main St, Detroit, MI 48209"
631,"1030 Main St, Detroit, MI 48200"
632,"1031 Pine St, Detroit, MI 48201"
633,"1032 Main St, Detroit, MI 48202"
634,"1033 Main St, Detroit, MI 48203"
635,"1034 Pine St, Detroit, MI 48204"
636,"1035 Oak St, Detroit, MI 48205"
637,"1036 Pine St, Detroit, MI 48206"
638,"1037 Oak St, Detroit, MI 48207"
639,"1038 Pine St, Detroit, MI 48208"
640,"1039 Main St, Detroit, MI 48209"
641,"1040 Maple St, Detroit, MI 48200"
642,"1041 Maple St, Detroit, MI 48201"
643,"1042 Oak St, Detroit, MI 48202"
644,"1043 Oak St, Detroit, MI 48203"
645,"1044 Oak St, Detroit, MI 48204"
646,"1045 Maple St, Detroit, MI 48205"
647,"1046 Oak St, Detroit, MI 48206"
648,"1047 Pine St, Detroit, MI 48207"
649,"1048 Pine St, Detroit, MI 48208"
650,"1049 Maple St, Detroit, MI 48209"
651,"1050 Pine St, Detroit, MI 48200"
652,"1051 Oak St, Detroit, MI 48201"
653,"1052 Maple St, Detroit, MI 48202"
654,"1053 Oak St, Detroit, MI 48203"
655,"1054 Pine St, Detroit, MI 48204"
656,"1055 Oak St, Detroit, MI 48205"
657,"1056 Maple St, Detroit, MI 48206"
658,"1057 Oak St, Detroit, MI 48207"
659,"1058 Pine St, Detroit, MI 48208"
660,"1059 Main St, Detroit, MI 48209"
661,"1060 Maple St, Detroit, MI 48200"
662,"1061 Oak St, Detroit, MI 48201"
663,"1062 Maple St, Detroit, MI 48202"
664,"1063 Oak St, Detroit, MI 48203"
665,"1064 Main St, Detroit, MI 48204"
666,"1065 Pine St, Detroit, MI 48205"
667,"1066 Oak St, Detroit, MI 48206"
668,"1067 Oak St, Detroit, MI 48207"
669,"1068 Main St, Detroit, MI 48208"
670,"1069 Maple St, Detroit, MI 48209"
671,"1070 Pine St, Detroit, MI 48200"
672,"1071 Oak St, Detroit, MI 48201"
673,"1072 Oak St, Detroit, MI 48202"
674,"1073 Pine St, Detroit, MI 48203"
675,"1074 Main St, Detroit, MI 48204"
676,"1075 Maple St, Detroit, MI 48205"
677,"1076 Pine St, Detroit, MI 48206"
678,"1077 Maple St, Detroit, MI 48207"
679,"1078 Main St, Detroit, MI 48208"
680,"1079 Main St, Detroit, MI 48209"
681,"1080 Pine St, Detroit, MI 48200"
682,"1081 Oak St, Detroit, MI 48201"
683,"1082 Main St, Detroit, MI 48202"
684,"1083 Main St, Detroit, MI 48203"
685,"1084 Pine St, Detroit, MI 48204"
686,"1085 Pine St, Detroit, MI 48205"
687,"1086 Pine St, Detroit, MI 48206"
688,"1087 Main St, Detroit, MI 48207"
689,"1088 Maple St, Detroit, MI 48208"
690,"1089 Main St, Detroit, MI 48209"
691,"1090 Pine St, Detroit, MI 48200"
692,"1091 Oak St, Detroit, MI 48201"
693,"1092 Oak St, Detroit, MI 48202"
694,"1093 Pine St, Detroit, MI 48203"
695,"1094 Oak St, Detroit, MI 48204"
696,"1095 Main St, Detroit, MI 48205"
697,"1096 Maple St, Detroit, MI 48206"
698,"1097 Main St, Detroit, MI 48207"
699,"1098 Pine St, Detroit, MI 48208"
700,"1099 Main St, Detroit, MI 48209"
701,"1000 Pine St, Detroit, MI 48200"
702,"1001 Pine St, Detroit, MI 48201"
703,"1002 Maple St, Detroit, MI 48202"
704,"1003 Pine St, Detroit, MI 48203"
705,"1004 Maple St, Detroit, MI 48204"
706,"1005 Maple St, Detroit, MI 48205"
707,"1006 Pine St, Detroit, MI 48206"
708,"1007 Main St, Detroit, MI 48207"
709,"1008 Main St, Detroit, MI 48208"
710,"1009 Oak St, Detroit, MI 48209"
711,"1010 Pine St, Detroit, MI 48200"
712,"1011 Oak St, Detroit, MI 48201"
713,"1012 Maple St, Detroit, MI 48202"
714,"1013 Main St, Detroit, MI 48203"
715,"1014 Pine St, Detroit, MI 48204"
716,"1015 Pine St, Detroit, MI 48205"
717,"1016 Pine St, Detroit, MI 48206"
718,"1017 Main St, Detroit, MI 48207"
719,"1018 Oak St, Detroit, MI 48208"
720,"1019 Main St, Detroit, MI 48209"
721,"1020 Oak St, Detroit, MI 48200"
722,"1021 Maple St, Detroit, MI 48201"
723,"1022 Maple St, Detroit, MI 48202"
724,"1023 Oak St, Detroit, MI 48203"
725,"1024 Maple St, Detroit, MI 48204"
726,"1025 Maple St, Detroit, MI 48205"
727,"1026 Pine St, Detroit, MI 48206"
728,"1027 Pine St, Detroit, MI 48207"
729,"1028 Main St, Detroit, MI 48208"
730,"1029 Main St, Detroit, MI 48209"
731,"1030 Main St, Detroit, MI 48200"
732,"1031 Pine St, Detroit, MI 48201"
733,"1032 Main St, Detroit, MI 48202"
734,"1033 Main St, Detroit, MI 48203"
735,"1034 Pine St, Detroit, MI 48204"
736,"1035 Oak St, Detroit, MI 48205"
737,"1036 Pine St, Detroit, MI 48206"
738,"1037 Oak St, Detroit, MI 48207"
739,"1038 Pine St, Detroit, MI 48208"
740,"1039 Main St, Detroit, MI 48209"
741,"1040 Maple St, Detroit, MI 48200"
742,"1041 Maple St, Detroit, MI 48201"
743,"1042 Oak St, Detroit, MI 48202"
744,"1043 Oak St, Detroit, MI 48203"
745,"1044 Oak St, Detroit, MI 48204"
746,"1045 Maple St, Detroit, MI 48205"
747,"1046 Oak St, Detroit, MI 48206"
748,"1047 Pine St, Detroit, MI 48207"
749,"1048 Pine St, Detroit, MI 48208"
750,"1049 Maple St, Detroit, MI 48209"
751,"1050 Pine St, Detroit, MI 48200"
752,"1051 Oak St, Detroit, MI 48201"
753,"1052 Maple St, Detroit, MI 48202"
754,"1053 Oak St, Detroit, MI 48203"
755,"1054 Pine St, Detroit, MI 48204"
756,"1055 Oak St, Detroit, MI 48205"
757,"1056 Maple St, Detroit, MI 48206"
758,"1057 Oak St, Detroit, MI 48207"
759,"1058 Pine St, Detroit, MI 48208"
760,"1059 Main St, Detroit, MI 48209"
761,"1060 Maple St, Detroit, MI 48200"
762,"1061 Oak St, Detroit, MI 48201"
763,"1062 Maple St, Detroit, MI 48202"
764,"1063 Oak St, Detroit, MI 48203"
765,"1064 Main St, Detroit, MI 48204"
766,"1065 Pine St, Detroit, MI 48205"
767,"1066 Oak St, Detroit, MI 48206"
768,"1067 Oak St, Detroit, MI 48207"
769,"1068 Main St, Detroit, MI 48208"
770,"1069 Maple St, Detroit, MI 48209"
771,"1070 Pine St, Detroit, MI 48200"
772,"1071 Oak St, Detroit, MI 48201"
773,"1072 Oak St, Detroit, MI 48202"
774,"1073 Pine St, Detroit, MI 48203"
775,"1074 Main St, Detroit, MI 48204"
776,"1075 Maple St, Detroit, MI 48205"
777,"1076 Pine St, Detroit, MI 48206"
778,"1077 Maple St, Detroit, MI 48207"
779,"1078 Main St, Detroit, MI 48208"
780,"1079 Main St, Detroit, MI 48209"
781,"1080 Pine St, Detroit, MI 48200"
782,"1081 Oak St, Detroit, MI 48201"
783,"1082 Main St, Detroit, MI 48202"
784,"1083 Main St, Detroit, MI 48203"
785,"1084 Pine St, Detroit, MI 48204"
786,"1085 Pine St, Detroit, MI 48205"
787,"1086 Pine St, Detroit, MI 48206"
788,"1087 Main St, Detroit, MI 48207"
789,"1088 Maple St, Detroit, MI 48208"
790,"1089 Main St, Detroit, MI 48209"
791,"1090 Pine St, Detroit, MI 48200"
792,"1091 Oak St, Detroit, MI 48201"
793,"1092 Oak St, Detroit, MI 48202"
794,"1093 Pine St, Detroit, MI 48203"
795,"1094 Oak St, Detroit, MI 48204"
796,"1095 Main St, Detroit, MI 48205"
797,"1096 Maple St, Detroit, MI 48206"
798,"1097 Main St, Detroit, MI 48207"
799,"1098 Pine St, Detroit, MI 48208"
800,"1099 Main St, Detroit, MI 48209"
801,"1000 Pine St, Detroit, MI 48200"
802,"1001 Pine St, Detroit, MI 48201"
803,"1002 Maple St, Detroit, MI 48202"
804,"1003 Pine St, Detroit, MI 48203"
805,"1004 Maple St, Detroit, MI 48204"
806,"1005 Maple St, Detroit, MI 48205"
807,"1006 Pine St, Detroit, MI 48206"
808,"1007 Main St, Detroit, MI 48207"
809,"1008 Main St, Detroit, MI 48208"
810,"1009 Oak St, Detroit, MI 48209"
811,"1010 Pine St, Detroit, MI 48200"
812,"1011 Oak St, Detroit, MI 48201"
813,"1012 Maple St, Detroit, MI 48202"
814,"1013 Main St, Detroit, MI 48203"
815,"1014 Pine St, Detroit, MI 48204"
816,"1015 Pine St, Detroit, MI 48205"
817,"1016 Pine St, Detroit, MI 48206"
818,"1017 Main St, Detroit, MI 48207"
819,"1018 Oak St, Detroit, MI 48208"
820,"1019 Main St, Detroit, MI 48209"
821,"1020 Oak St, Detroit, MI 48200"
822,"1021 Maple St, Detroit, MI 48201"
823,"1022 Maple St, Detroit, MI 48202"
824,"1023 Oak St, Detroit, MI 48203"
825,"1024 Maple St, Detroit, MI 48204"
826,"1025 Maple St, Detroit, MI 48205"
827,"1026 Pine St, Detroit, MI 48206"
828,"1027 Pine St, Detroit, MI 48207"
829,"1028 Main St, Detroit, MI 48208"
830,"1029 Main St, Detroit, MI 48209"
831,"1030 Main St, Detroit, MI 48200"
832,"1031 Pine St, Detroit, MI 48201"
833,"1032 Main St, Detroit, MI 48202"
834,"1033 Main St, Detroit, MI 48203"
835,"1034 Pine St, Detroit, MI 48204"
836,"1035 Oak St, Detroit, MI 48205"
837,"1036 Pine St, Detroit, MI 48206"
838,"1037 Oak St, Detroit, MI 48207"
839,"1038 Pine St, Detroit, MI 48208"
840,"1039 Main St, Detroit, MI 48209"
841,"1040 Maple St, Detroit, MI 48200"
842,"1041 Maple St, Detroit, MI 48201"
843,"1042 Oak St, Detroit, MI 48202"
844,"1043 Oak St, Detroit, MI 48203"
845,"1044 Oak St, Detroit, MI 48204"
846,"1045 Maple St, Detroit, MI 48205"
847,"1046 Oak St, Detroit, MI 48206"
848,"1047 Pine St, Detroit, MI 48207"
849,"1048 Pine St, Detroit, MI 48208"
850,"1049 Maple St, Detroit, MI 48209"
851,"1050 Pine St, Detroit, MI 48200"
852,"1051 Oak St, Detroit, MI 48201"
853,"1052 Maple St, Detroit, MI 48202"
854,"1053 Oak St, Detroit, MI 48203"
855,"1054 Pine St, Detroit, MI 48204"
856,"1055 Oak St, Detroit, MI 48205"
857,"1056 Maple St, Detroit, MI 48206"
858,"1057 Oak St, Detroit, MI 48207"
859,"1058 Pine St, Detroit, MI 48208"
860,"1059 Main St, Detroit, MI 48209"
861,"1060 Maple St, Detroit, MI 48200"
862,"1061 Oak St, Detroit, MI 48201"
863,"1062 Maple St, Detroit, MI 48202"
864,"1063 Oak St, Detroit, MI 48203"
865,"1064 Main St, Detroit, MI 48204"
866,"1065 Pine St, Detroit, MI 48205"
867,"1066 Oak St, Detroit, MI 48206"
868,"1067 Oak St, Detroit, MI 48207"
869,"1068 Main St, Detroit, MI 48208"
870,"1069 Maple St, Detroit, MI 48209"
871,"1070 Pine St, Detroit, MI 48200"
872,"1071 Oak St, Detroit, MI 48201"
873,"1072 Oak St, Detroit, MI 48202"
874,"1073 Pine St, Detroit, MI 48203"
875,"1074 Main St, Detroit, MI 48204"
876,"1075 Maple St, Detroit, MI 48205"
877,"1076 Pine St, Detroit, MI 48206"
878,"1077 Maple St, Detroit, MI 48207"
879,"1078 Main St, Detroit, MI 48208"
880,"1079 Main St, Detroit, MI 48209"
881,"1080 Pine St, Detroit, MI 48200"
882,"1081 Oak St, Detroit, MI 48201"
883,"1082 Main St, Detroit, MI 48202"
884,"1083 Main St, Detroit, MI 48203"
885,"1084 Pine St, Detroit, MI 48204"
886,"1085 Pine St, Detroit, MI 48205"
887,"1086 Pine St, Detroit, MI 48206"
888,"1087 Main St, Detroit, MI 48207"
889,"1088 Maple St, Detroit, MI 48208"
890,"1089 Main St, Detroit, MI 48209"
891,"1090 Pine St, Detroit, MI 48200"
892,"1091 Oak St, Detroit, MI 48201"
893,"1092 Oak St, Detroit, MI 48202"
894,"1093 Pine St, Detroit, MI 48203"
895,"1094 Oak St, Detroit, MI 48204"
896,"1095 Main St, Detroit, MI 48205"
897,"1096 Maple St, Detroit, MI 48206"
898,"1097 Main St, Detroit, MI 48207"
899,"1098 Pine St, Detroit, MI 48208"
900,"1099 Main St, Detroit, MI 48209"
901,"1000 Pine St, Detroit, MI 48200"
902,"1001 Pine St, Detroit, MI 48201"
903,"1002 Maple St, Detroit, MI 48202"
904,"1003 Pine St, Detroit, MI 48203"
905,"1004 Maple St, Detroit, MI 48204"
906,"1005 Maple St, Detroit, MI 48205"
907,"1006 Pine St, Detroit, MI 48206"
908,"1007 Main St, Detroit, MI 48207"
909,"1008 Main St, Detroit, MI 48208"
910,"1009 Oak St, Detroit, MI 48209"
911,"1010 Pine St, Detroit, MI 48200"
912,"1011 Oak St, Detroit, MI 48201"
913,"1012 Maple St, Detroit, MI 48202"
914,"1013 Main St, Detroit, MI 48203"
915,"1014 Pine St, Detroit, MI 48204"
916,"1015 Pine St, Detroit, MI 48205"
917,"1016 Pine St, Detroit, MI 48206"
918,"1017 Main St, Detroit, MI 48207"
919,"1018 Oak St, Detroit, MI 48208"
920,"1019 Main St, Detroit, MI 48209"
921,"1020 Oak St, Detroit, MI 48200"
922,"1021 Maple St, Detroit, MI 48201"
923,"1022 Maple St, Detroit, MI 48202"
924,"1023 Oak St, Detroit, MI 48203"
925,"1024 Maple St, Detroit, MI 48204"
926,"1025 Maple St, Detroit, MI 48205"
927,"1026 Pine St, Detroit, MI 48206"
928,"1027 Pine St, Detroit, MI 48207"
929,"1028 Main St, Detroit, MI 48208"
930,"1029 Main St, Detroit, MI 48209"
931,"1030 Main St, Detroit, MI 48200"
932,"1031 Pine St, Detroit, MI 48201"
933,"1032 Main St, Detroit, MI 48202"
934,"1033 Main St, Detroit, MI 48203"
935,"1034 Pine St, Detroit, MI 48204"
936,"1035 Oak St, Detroit, MI 48205"
937,"1036 Pine St, Detroit, MI 48206"
938,"1037 Oak St, Detroit, MI 48207"
939,"1038 Pine St, Detroit, MI 48208"
940,"1039 Main St, Detroit, MI 48209"
941,"1040 Maple St, Detroit, MI 48200"
942,"1041 Maple St, Detroit, MI 48201"
943,"1042 Oak St, Detroit, MI 48202"
944,"1043 Oak St, Detroit, MI 48203"
945,"1044 Oak St, Detroit, MI 48204"
946,"1045 Maple St, Detroit, MI 48205"
947,"1046 Oak St, Detroit, MI 48206"
948,"1047 Pine St, Detroit, MI 48207"
949,"1048 Pine St, Detroit, MI 48208"
950,"1049 Maple St, Detroit, MI 48209"
951,"1050 Pine St, Detroit, MI 48200"
952,"1051 Oak St, Detroit, MI 48201"
953,"1052 Maple St, Detroit, MI 48202"
954,"1053 Oak St, Detroit, MI 48203"
955,"1054 Pine St, Detroit, MI 48204"
956,"1055 Oak St, Detroit, MI 48205"
957,"1056 Maple St, Detroit, MI 48206"
958,"1057 Oak St, Detroit, MI 48207"
959,"1058 Pine St, Detroit, MI 48208"
960,"1059 Main St, Detroit, MI 48209"
961,"1060 Maple St, Detroit, MI 48200"
962,"1061 Oak St, Detroit, MI 48201"
963,"1062 Maple St, Detroit, MI 48202"
964,"1063 Oak St, Detroit, MI 48203"
965,"1064 Main St, Detroit, MI 48204"
966,"1065 Pine St, Detroit, MI 48205"
967,"1066 Oak St, Detroit, MI 48206"
968,"1067 Oak St, Detroit, MI 48207"
969,"1068 Main St, Detroit, MI 48208"
970,"1069 Maple St, Detroit, MI 48209"
971,"1070 Pine St, Detroit, MI 48200"
972,"1071 Oak St, Detroit, MI 48201"
973,"1072 Oak St, Detroit, MI 48202"
974,"1073 Pine St, Detroit, MI 48203"
975,"1074 Main St, Detroit, MI 48204"
976,"1075 Maple St, Detroit, MI 48205"
977,"1076 Pine St, Detroit, MI 48206"
978,"1077 Maple St, Detroit, MI 48207"
979,"1078 Main St, Detroit, MI 48208"
980,"1079 Main St, Detroit, MI 48209"
981,"1080 Pine St, Detroit, MI 48200"
982,"1081 Oak St, Detroit, MI 48201"
983,"1082 Main St, Detroit, MI 48202"
984,"1083 Main St, Detroit, MI 48203"
985,"1084 Pine St, Detroit, MI 48204"
986,"1085 Pine St, Detroit, MI 48205"
987,"1086 Pine St, Detroit, MI 48206"
988,"1087 Main St, Detroit, MI 48207"
989,"1088 Maple St, Detroit, MI 48208"
990,"1089 Main St, Detroit, MI 48209"
991,"1090 Pine St, Detroit, MI 48200"
992,"1091 Oak St, Detroit, MI 48201"
993,"1092 Oak St, Detroit, MI 48202"
994,"1093 Pine St, Detroit, MI 48203"
995,"1094 Oak St, Detroit, MI 48204"
996,"1095 Main St, Detroit, MI 48205"
997,"1096 Maple St, Detroit, MI 48206"
998,"1097 Main St, Detroit, MI 48207"
999,"1098 Pine St, Detroit, MI 48208"
1000,"1099 Main St, Detroit, MI 48209"
1001,"1000 Pine St, Detroit, MI 48200"
1002,"1001 Pine St, Detroit, MI 48201"
1003,"1002 Maple St, Detroit, MI 48202"
1004,"1003 Pine St, Detroit, MI 48203"
1005,"1004 Maple St, Detroit, MI 48204"
1006,"1005 Maple St, Detroit, MI 48205"
1007,"1006 Pine St, Detroit, MI 48206"
1008,"1007 Main St, Detroit, MI 48207"
1009,"1008 Main St, Detroit, MI 48208"
1010,"1009 Oak St, Detroit, MI 48209"
1011,"1010 Pine St, Detroit, MI 48200"
1012,"1011 Oak St, Detroit, MI 48201"
1013,"1012 Maple St, Detroit, MI 48202"
1014,"1013 Main St, Detroit, MI 48203"
1015,"1014 Pine St, Detroit, MI 48204"
1016,"1015 Pine St, Detroit, MI 48205"
1017,"1016 Pine St, Detroit, MI 48206"
1018,"1017 Main St, Detroit, MI 48207"
1019,"1018 Oak St, Detroit, MI 48208"
1020,"1019 Main St, Detroit, MI 48209"
1021,"1020 Oak St, Detroit, MI 48200"
1022,"1021 Maple St, Detroit, MI 48201"
1023,"1022 Maple St, Detroit, MI 48202"
1024,"1023 Oak St, Detroit, MI 48203"
1025,"1024 Maple St, Detroit, MI 48204"
1026,"1025 Maple St, Detroit, MI 48205"
1027,"1026 Pine St, Detroit, MI 48206"
1028,"1027 Pine St, Detroit, MI 48207"
1029,"1028 Main St, Detroit, MI 48208"
1030,"1029 Main St, Detroit, MI 48209"
1031,"1030 Main St, Detroit, MI 48200"
1032,"1031 Pine St, Detroit, MI 48201"
1033,"1032 Main St, Detroit, MI 48202"
1034,"1033 Main St, Detroit, MI 48203"
1035,"1034 Pine St, Detroit, MI 48204"
1036,"1035 Oak St, Detroit, MI 48205"
1037,"1036 Pine St, Detroit, MI 48206"
1038,"1037 Oak St, Detroit, MI 48207"
1039,"1038 Pine St, Detroit, MI 48208"
1040,"1039 Main St, Detroit, MI 48209"
1041,"1040 Maple St, Detroit, MI 48200"
1042,"1041 Maple St, Detroit, MI 48201"
1043,"1042 Oak St, Detroit, MI 48202"
1044,"1043 Oak St, Detroit, MI 48203"
1045,"1044 Oak St, Detroit, MI 48204"
1046,"1045 Maple St, Detroit, MI 48205"
1047,"1046 Oak St, Detroit, MI 48206"
1048,"1047 Pine St, Detroit, MI 48207"
1049,"1048 Pine St, Detroit, MI 48208"
1050,"1049 Maple St, Detroit, MI 48209"
1051,"1050 Pine St, Detroit, MI 48200"
1052,"1051 Oak St, Detroit, MI 48201"
1053,"1052 Maple St, Detroit, MI 48202"
1054,"1053 Oak St, Detroit, MI 48203"
1055,"1054 Pine St, Detroit, MI 48204"
1056,"1055 Oak St, Detroit, MI 48205"
1057,"1056 Maple St, Detroit, MI 48206"
1058,"1057 Oak St, Detroit, MI 48207"
1059,"1058 Pine St, Detroit, MI 48208"
1060,"1059 Main St, Detroit, MI 48209"
1061,"1060 Maple St, Detroit, MI 48200"
1062,"1061 Oak St, Detroit, MI 48201"
1063,"1062 Maple St, Detroit, MI 48202"
1064,"1063 Oak St, Detroit, MI 48203"
1065,"1064 Main St, Detroit, MI 48204"
1066,"1065 Pine St, Detroit, MI 48205"
1067,"1066 Oak St, Detroit, MI 48206"
1068,"1067 Oak St, Detroit, MI 48207"
1069,"1068 Main St, Detroit, MI 48208"
1070,"1069 Maple St, Detroit, MI 48209"
1071,"1070 Pine St, Detroit, MI 48200"
1072,"1071 Oak St, Detroit, MI 48201"
1073,"1072 Oak St, Detroit, MI 48202"
1074,"1073 Pine St, Detroit, MI 48203"
1075,"1074 Main St, Detroit, MI 48204"
1076,"1075 Maple St, Detroit, MI 48205"
1077,"1076 Pine St, Detroit, MI 48206"
1078,"1077 Maple St, Detroit, MI 48207"
1079,"1078 Main St, Detroit, MI 48208"
1080,"1079 Main St, Detroit, MI 48209"
1081,"1080 Pine St, Detroit, MI 48200"
1082,"1081 Oak St, Detroit, MI 48201"
1083,"1082 Main St, Detroit, MI 48202"
1084,"1083 Main St, Detroit, MI 48203"
1085,"1084 Pine St, Detroit, MI 48204"
1086,"1085 Pine St, Detroit, MI 48205"
1087,"1086 Pine St, Detroit, MI 48206"
1088,"1087 Main St, Detroit, MI 48207"
1089,"1088 Maple St, Detroit, MI 48208"
1090,"1089 Main St, Detroit, MI 48209"
1091,"1090 Pine St, Detroit, MI 48200"
1092,"1091 Oak St, Detroit, MI 48201"
1093,"1092 Oak St, Detroit, MI 48202"
1094,"1093 Pine St, Detroit, MI 48203"
1095,"1094 Oak St, Detroit, MI 48204"
1096,"1095 Main St, Detroit, MI 48205"
1097,"1096 Maple St, Detroit, MI 48206"
1098,"1097 Main St, Detroit, MI 48207"
1099,"1098 Pine St, Detroit, MI 48208"
1100,"1099 Main St, Detroit, MI 48209"
1101,"1000 Pine St, Detroit, MI 48200"
1102,"1001 Pine St, Detroit, MI 48201"
1103,"1002 Maple St, Detroit, MI 48202"
1104,"1003 Pine St, Detroit, MI 48203"
1105,"1004 Maple St, Detroit, MI 48204"
1106,"1005 Maple St, Detroit, MI 48205"
1107,"1006 Pine St, Detroit, MI 48206"
1108,"1007 Main St, Detroit, MI 48207"
1109,"1008 Main St, Detroit, MI 48208"
1110,"1009 Oak St, Detroit, MI 48209"
1111,"1010 Pine St, Detroit, MI 48200"
1112,"1011 Oak St, Detroit, MI 48201"
1113,"1012 Maple St, Detroit, MI 48202"
1114,"1013 Main St, Detroit, MI 48203"
1115,"1014 Pine St, Detroit, MI 48204"
1116,"1015 Pine St, Detroit, MI 48205"
1117,"1016 Pine St, Detroit, MI 48206"
1118,"1017 Main St, Detroit, MI 48207"
1119,"1018 Oak St, Detroit, MI 48208"
1120,"1019 Main St, Detroit, MI 48209"
1121,"1020 Oak St, Detroit, MI 48200"
1122,"1021 Maple St, Detroit, MI 48201"
1123,"1022 Maple St, Detroit, MI 48202"
1124,"1023 Oak St, Detroit, MI 48203"
1125,"1024 Maple St, Detroit, MI 48204"
1126,"1025 Maple St, Detroit, MI 48205"
1127,"1026 Pine St, Detroit, MI 48206"
1128,"1027 Pine St, Detroit, MI 48207"
1129,"1028 Main St, Detroit, MI 48208"
1130,"1029 Main St, Detroit, MI 48209"
1131,"1030 Main St, Detroit, MI 48200"
1132,"1031 Pine St, Detroit, MI 48201"
1133,"1032 Main St, Detroit, MI 48202"
1134,"1033 Main St, Detroit, MI 48203"
1135,"1034 Pine St, Detroit, MI 48204"
1136,"1035 Oak St, Detroit, MI 48205"
1137,"1036 Pine St, Detroit, MI 48206"
1138,"1037 Oak St, Detroit, MI 48207"
1139,"1038 Pine St, Detroit, MI 48208"
1140,"1039 Main St, Detroit, MI 48209"
1141,"1040 Maple St, Detroit, MI 48200"
1142,"1041 Maple St, Detroit, MI 48201"
1143,"1042 Oak St, Detroit, MI 48202"
1144,"1043 Oak St, Detroit, MI 48203"
1145,"1044 Oak St, Detroit, MI 48204"
1146,"1045 Maple St, Detroit, MI 48205"
1147,"1046 Oak St, Detroit, MI 48206"
1148,"1047 Pine St, Detroit, MI 48207"
1149,"1048 Pine St, Detroit, MI 48208"
1150,"1049 Maple St, Detroit, MI 48209"
1151,"1050 Pine St, Detroit, MI 48200"
1152,"1051 Oak St, Detroit, MI 48201"
1153,"1052 Maple St, Detroit, MI 48202"
1154,"1053 Oak St, Detroit, MI 48203"
1155,"1054 Pine St, Detroit, MI 48204"
1156,"1055 Oak St, Detroit, MI 48205"
1157,"1056 Maple St, Detroit, MI 48206"
1158,"1057 Oak St, Detroit, MI 48207"
1159,"1058 Pine St, Detroit, MI 48208"
1160,"1059 Main St, Detroit, MI 48209"
1161,"1060 Maple St, Detroit, MI 48200"
1162,"1061 Oak St, Detroit, MI 48201"
1163,"1062 Maple St, Detroit, MI 48202"
1164,"1063 Oak St, Detroit, MI 48203"
1165,"1064 Main St, Detroit, MI 48204"
1166,"1065 Pine St, Detroit, MI 48205"
1167,"1066 Oak St, Detroit, MI 48206"
1168,"1067 Oak St, Detroit, MI 48207"
1169,"1068 Main St, Detroit, MI 48208"
1170,"1069 Maple St, Detroit, MI 48209"
1171,"1070 Pine St, Detroit, MI 48200"
1172,"1071 Oak St, Detroit, MI 48201"
1173,"1072 Oak St, Detroit, MI 48202"
1174,"1073 Pine St, Detroit, MI 48203"
1175,"1074 Main St, Detroit, MI 48204"
1176,"1075 Maple St, Detroit, MI 48205"
1177,"1076 Pine St, Detroit, MI 48206"
1178,"1077 Maple St, Detroit, MI 48207"
1179,"1078 Main St, Detroit, MI 48208"
1180,"1079 Main St, Detroit, MI 48209"
1181,"1080 Pine St, Detroit, MI 48200"
1182,"1081 Oak St, Detroit, MI 48201"
1183,"1082 Main St, Detroit, MI 48202"
1184,"1083 Main St, Detroit, MI 48203"
1185,"1084 Pine St, Detroit, MI 48204"
1186,"1085 Pine St, Detroit, MI 48205"
1187,"1086 Pine St, Detroit, MI 48206"
1188,"1087 Main St, Detroit, MI 48207"
1189,"1088 Maple St, Detroit, MI 48208"
1190,"1089 Main St, Detroit, MI 48209"
1191,"1090 Pine St, Detroit, MI 48200"
1192,"1091 Oak St, Detroit, MI 48201"
1193,"1092 Oak St, Detroit, MI 48202"
1194,"1093 Pine St, Detroit, MI 48203"
1195,"1094 Oak St, Detroit, MI 48204"
1196,"1095 Main St, Detroit, MI 48205"
1197,"1096 Maple St, Detroit, MI 48206"
1198,"1097 Main St, Detroit, MI 48207"
1199,"1098 Pine St, Detroit, MI 48208"
1200,"1099 Main St, Detroit, MI 48209"
1201,"1000 Pine St, Detroit, MI 48200"
1202,"1001 Pine St, Detroit, MI 48201"
1203,"1002 Maple St, Detroit, MI 48202"
1204,"1003 Pine St, Detroit, MI 48203"
1205,"1004 Maple St, Detroit, MI 48204"
1206,"1005 Maple St, Detroit, MI 48205"
1207,"1006 Pine St, Detroit, MI 48206"
1208,"1007 Main St, Detroit, MI 48207"
1209,"1008 Main St, Detroit, MI 48208"
1210,"1009 Oak St, Detroit, MI 48209"
1211,"1010 Pine St, Detroit, MI 48200"
1212,"1011 Oak St, Detroit, MI 48201"
1213,"1012 Maple St, Detroit, MI 48202"
1214,"1013 Main St, Detroit, MI 48203"
1215,"1014 Pine St, Detroit, MI 48204"
1216,"1015 Pine St, Detroit, MI 48205"
1217,"1016 Pine St, Detroit, MI 48206"
1218,"1017 Main St, Detroit, MI 48207"
1219,"1018 Oak St, Detroit, MI 48208"
1220,"1019 Main St, Detroit, MI 48209"
1221,"1020 Oak St, Detroit, MI 48200"
1222,"1021 Maple St, Detroit, MI 48201"
1223,"1022 Maple St, Detroit, MI 48202"
1224,"1023 Oak St, Detroit, MI 48203"
1225,"1024 Maple St, Detroit, MI 48204"
1226,"1025 Maple St, Detroit, MI 48205"
1227,"1026 Pine St, Detroit, MI 48206"
1228,"1027 Pine St, Detroit, MI 48207"
1229,"1028 Main St, Detroit, MI 48208"
1230,"1029 Main St, Detroit, MI 48209"
1231,"1030 Main St, Detroit, MI 48200"
1232,"1031 Pine St, Detroit, MI 48201"
1233,"1032 Main St, Detroit, MI 48202"
1234,"1033 Main St, Detroit, MI 48203"
1235,"1034 Pine St, Detroit, MI 48204"
1236,"1035 Oak St, Detroit, MI 48205"
1237,"1036 Pine St, Detroit, MI 48206"
1238,"1037 Oak St, Detroit, MI 48207"
1239,"1038 Pine St, Detroit, MI 48208"
1240,"1039 Main St, Detroit, MI 48209"
1241,"1040 Maple St, Detroit, MI 48200"
1242,"1041 Maple St, Detroit, MI 48201"
1243,"1042 Oak St, Detroit, MI 48202"
1244,"1043 Oak St, Detroit, MI 48203"
1245,"1044 Oak St, Detroit, MI 48204"
1246,"1045 Maple St, Detroit, MI 48205"
1247,"1046 Oak St, Detroit, MI 48206"
1248,"1047 Pine St, Detroit, MI 48207"
1249,"1048 Pine St, Detroit, MI 48208"
1250,"1049 Maple St, Detroit, MI 48209"
1251,"1050 Pine St, Detroit, MI 48200"
1252,"1051 Oak St, Detroit, MI 48201"
1253,"1052 Maple St, Detroit, MI 48202"
1254,"1053 Oak St, Detroit, MI 48203"
1255,"1054 Pine St, Detroit, MI 48204"
1256,"1055 Oak St, Detroit, MI 48205"
1257,"1056 Maple St, Detroit, MI 48206"
1258,"1057 Oak St, Detroit, MI 48207"
1259,"1058 Pine St, Detroit, MI 48208"
1260,"1059 Main St, Detroit, MI 48209"
1261,"1060 Maple St, Detroit, MI 48200"
1262,"1061 Oak St, Detroit, MI 48201"
1263,"1062 Maple St, Detroit, MI 48202"
1264,"1063 Oak St, Detroit, MI 48203"
1265,"1064 Main St, Detroit, MI 48204"
1266,"1065 Pine St, Detroit, MI 48205"
1267,"1066 Oak St, Detroit, MI 48206"
1268,"1067 Oak St, Detroit, MI 48207"
1269,"1068 Main St, Detroit, MI 48208"
1270,"1069 Maple St, Detroit, MI 48209"
1271,"1070 Pine St, Detroit, MI 48200"
1272,"1071 Oak St, Detroit, MI 48201"
1273,"1072 Oak St, Detroit, MI 48202"
1274,"1073 Pine St, Detroit, MI 48203"
1275,"1074 Main St, Detroit, MI 48204"
1276,"1075 Maple St, Detroit, MI 48205"
1277,"1076 Pine St, Detroit, MI 48206"
1278,"1077 Maple St, Detroit, MI 48207"
1279,"1078 Main St, Detroit, MI 48208"
1280,"1079 Main St, Detroit, MI 48209"
1281,"1080 Pine St, Detroit, MI 48200"
1282,"1081 Oak St, Detroit, MI 48201"
1283,"1082 Main St, Detroit, MI 48202"
1284,"1083 Main St, Detroit, MI 48203"
1285,"1084 Pine St, Detroit, MI 48204"
1286,"1085 Pine St, Detroit, MI 48205"
1287,"1086 Pine St, Detroit, MI 48206"
1288,"1087 Main St, Detroit, MI 48207"
1289,"1088 Maple St, Detroit, MI 48208"
1290,"1089 Main St, Detroit, MI 48209"
1291,"1090 Pine St, Detroit, MI 48200"
1292,"1091 Oak St, Detroit, MI 48201"
1293,"1092 Oak St, Detroit, MI 48202"
1294,"1093 Pine St, Detroit, MI 48203"
1295,"1094 Oak St, Detroit, MI 48204"
1296,"1095 Main St, Detroit, MI 48205"
1297,"1096 Maple St, Detroit, MI 48206"
1298,"1097 Main St, Detroit, MI 48207"
1299,"1098 Pine St, Detroit, MI 48208"
1300,"1099 Main St, Detroit, MI 48209"
1301,"1000 Pine St, Detroit, MI 48200"
1302,"1001 Pine St, Detroit, MI 48201"
1303,"1002 Maple St, Detroit, MI 48202"
1304,"1003 Pine St, Detroit, MI 48203"
1305,"1004 Maple St, Detroit, MI 48204"
1306,"1005 Maple St, Detroit, MI 48205"
1307,"1006 Pine St, Detroit, MI 48206"
1308,"1007 Main St, Detroit, MI 48207"
1309,"1008 Main St, Detroit, MI 48208"
1310,"1009 Oak St, Detroit, MI 48209"
1311,"1010 Pine St, Detroit, MI 48200"
1312,"1011 Oak St, Detroit, MI 48201"
1313,"1012 Maple St, Detroit, MI 48202"
1314,"1013 Main St, Detroit, MI 48203"
1315,"1014 Pine St, Detroit, MI 48204"
1316,"1015 Pine St, Detroit, MI 48205"
1317,"1016 Pine St, Detroit, MI 48206"
1318,"1017 Main St, Detroit, MI 48207"
1319,"1018 Oak St, Detroit, MI 48208"
1320,"1019 Main St, Detroit, MI 48209"
1321,"1020 Oak St, Detroit, MI 48200"
1322,"1021 Maple St, Detroit, MI 48201"
1323,"1022 Maple St, Detroit, MI 48202"
1324,"1023 Oak St, Detroit, MI 48203"
1325,"1024 Maple St, Detroit, MI 48204"
1326,"1025 Maple St, Detroit, MI 48205"
1327,"1026 Pine St, Detroit, MI 48206"
1328,"1027 Pine St, Detroit, MI 48207"
1329,"1028 Main St, Detroit, MI 48208"
1330,"1029 Main St, Detroit, MI 48209"
1331,"1030 Main St, Detroit, MI 48200"
1332,"1031 Pine St, Detroit, MI 48201"
1333,"1032 Main St, Detroit, MI 48202"
1334,"1033 Main St, Detroit, MI 48203"
1335,"1034 Pine St, Detroit, MI 48204"
1336,"1035 Oak St, Detroit, MI 48205"
1337,"1036 Pine St, Detroit, MI 48206"
1338,"1037 Oak St, Detroit, MI 48207"
1339,"1038 Pine St, Detroit, MI 48208"
1340,"1039 Main St, Detroit, MI 48209"
1341,"1040 Maple St, Detroit, MI 48200"
1342,"1041 Maple St, Detroit, MI 48201"
1343,"1042 Oak St, Detroit, MI 48202"
1344,"1043 Oak St, Detroit, MI 48203"
1345,"1044 Oak St, Detroit, MI 48204"
1346,"1045 Maple St, Detroit, MI 48205"
1347,"1046 Oak St, Detroit, MI 48206"
1348,"1047 Pine St, Detroit, MI 48207"
1349,"1048 Pine St, Detroit, MI 48208"
1350,"1049 Maple St, Detroit, MI 48209"
1351,"1050 Pine St, Detroit, MI 48200"
1352,"1051 Oak St, Detroit, MI 48201"
1353,"1052 Maple St, Detroit, MI 48202"
1354,"1053 Oak St, Detroit, MI 48203"
1355,"1054 Pine St, Detroit, MI 48204"
1356,"1055 Oak St, Detroit, MI 48205"
1357,"1056 Maple St, Detroit, MI 48206"
1358,"1057 Oak St, Detroit, MI 48207"
1359,"1058 Pine St, Detroit, MI 48208"
1360,"1059 Main St, Detroit, MI 48209"
1361,"1060 Maple St, Detroit, MI 48200"
1362,"1061 Oak St, Detroit, MI 48201"
1363,"1062 Maple St, Detroit, MI 48202"
1364,"1063 Oak St, Detroit, MI 48203"
1365,"1064 Main St, Detroit, MI 48204"
1366,"1065 Pine St, Detroit, MI 48205"
1367,"1066 Oak St, Detroit, MI 48206"
1368,"1067 Oak St, Detroit, MI 48207"
1369,"1068 Main St, Detroit, MI 48208"
1370,"1069 Maple St, Detroit, MI 48209"
1371,"1070 Pine St, Detroit, MI 48200"
1372,"1071 Oak St, Detroit, MI 48201"
1373,"1072 Oak St, Detroit, MI 48202"
1374,"1073 Pine St, Detroit, MI 48203"
1375,"1074 Main St, Detroit, MI 48204"
1376,"1075 Maple St, Detroit, MI 48205"
1377,"1076 Pine St, Detroit, MI 48206"
1378,"1077 Maple St, Detroit, MI 48207"
1379,"1078 Main St, Detroit, MI 48208"
1380,"1079 Main St, Detroit, MI 48209"
1381,"1080 Pine St, Detroit, MI 48200"
1382,"1081 Oak St, Detroit, MI 48201"
1383,"1082 Main St, Detroit, MI 48202"
1384,"1083 Main St, Detroit, MI 48203"
1385,"1084 Pine St, Detroit, MI 48204"
1386,"1085 Pine St, Detroit, MI 48205"
1387,"1086 Pine St, Detroit, MI 48206"
1388,"1087 Main St, Detroit, MI 48207"
1389,"1088 Maple St, Detroit, MI 48208"
1390,"1089 Main St, Detroit, MI 48209"
1391,"1090 Pine St, Detroit, MI 48200"
1392,"1091 Oak St, Detroit, MI 48201"
1393,"1092 Oak St, Detroit, MI 48202"
1394,"1093 Pine St, Detroit, MI 48203"
1395,"1094 Oak St, Detroit, MI 48204"
1396,"1095 Main St, Detroit, MI 48205"
1397,"1096 Maple St, Detroit, MI 48206"
1398,"1097 Main St, Detroit, MI 48207"
1399,"1098 Pine St, Detroit, MI 48208"
1400,"1099 Main St, Detroit, MI 48209"
1401,"1000 Pine St, Detroit, MI 48200"
1402,"1001 Pine St, Detroit, MI 48201"
1403,"1002 Maple St, Detroit, MI 48202"
1404,"1003 Pine St, Detroit, MI 48203"
1405,"1004 Maple St, Detroit, MI 48204"
1406,"1005 Maple St, Detroit, MI 48205"
1407,"1006 Pine St, Detroit, MI 48206"
1408,"1007 Main St, Detroit, MI 48207"
1409,"1008 Main St, Detroit, MI 48208"
1410,"1009 Oak St, Detroit, MI 48209"
1411,"1010 Pine St, Detroit, MI 48200"
1412,"1011 Oak St, Detroit, MI 48201"
1413,"1012 Maple St, Detroit, MI 48202"
1414,"1013 Main St, Detroit, MI 48203"
1415,"1014 Pine St, Detroit, MI 48204"
1416,"1015 Pine St, Detroit, MI 48205"
1417,"1016 Pine St, Detroit, MI 48206"
1418,"1017 Main St, Detroit, MI 48207"
1419,"1018 Oak St, Detroit, MI 48208"
1420,"1019 Main St, Detroit, MI 48209"
1421,"1020 Oak St, Detroit, MI 48200"
1422,"1021 Maple St, Detroit, MI 48201"
1423,"1022 Maple St, Detroit, MI 48202"
1424,"1023 Oak St, Detroit, MI 48203"
1425,"1024 Maple St, Detroit, MI 48204"
1426,"1025 Maple St, Detroit, MI 48205"
1427,"1026 Pine St, Detroit, MI 48206"
1428,"1027 Pine St, Detroit, MI 48207"
1429,"1028 Main St, Detroit, MI 48208"
1430,"1029 Main St, Detroit, MI 48209"
1431,"1030 Main St, Detroit, MI 48200"
1432,"1031 Pine St, Detroit, MI 48201"
1433,"1032 Main St, Detroit, MI 48202"
1434,"1033 Main St, Detroit, MI 48203"
1435,"1034 Pine St, Detroit, MI 48204"
1436,"1035 Oak St, Detroit, MI 48205"
1437,"1036 Pine St, Detroit, MI 48206"
1438,"1037 Oak St, Detroit, MI 48207"
1439,"1038 Pine St, Detroit, MI 48208"
1440,"1039 Main St, Detroit, MI 48209"
1441,"1040 Maple St, Detroit, MI 48200"
1442,"1041 Maple St, Detroit, MI 48201"
1443,"1042 Oak St, Detroit, MI 48202"
1444,"1043 Oak St, Detroit, MI 48203"
1445,"1044 Oak St, Detroit, MI 48204"
1446,"1045 Maple St, Detroit, MI 48205"
1447,"1046 Oak St, Detroit, MI 48206"
1448,"1047 Pine St, Detroit, MI 48207"
1449,"1048 Pine St, Detroit, MI 48208"
1450,"1049 Maple St, Detroit, MI 48209"
1451,"1050 Pine St, Detroit, MI 48200"
1452,"1051 Oak St, Detroit, MI 48201"
1453,"1052 Maple St, Detroit, MI 48202"
1454,"1053 Oak St, Detroit, MI 48203"
1455,"1054 Pine St, Detroit, MI 48204"
1456,"1055 Oak St, Detroit, MI 48205"
1457,"1056 Maple St, Detroit, MI 48206"
1458,"1057 Oak St, Detroit, MI 48207"
1459,"1058 Pine St, Detroit, MI 48208"
1460,"1059 Main St, Detroit, MI 48209"
1461,"1060 Maple St, Detroit, MI 48200"
1462,"1061 Oak St, Detroit, MI 48201"
1463,"1062 Maple St, Detroit, MI 48202"
1464,"1063 Oak St, Detroit, MI 48203"
1465,"1064 Main St, Detroit, MI 48204"
1466,"1065 Pine St, Detroit, MI 48205"
1467,"1066 Oak St, Detroit, MI 48206"
1468,"1067 Oak St, Detroit, MI 48207"
1469,"1068 Main St, Detroit, MI 48208"
1470,"1069 Maple St, Detroit, MI 48209"
1471,"1070 Pine St, Detroit, MI 48200"
1472,"1071 Oak St, Detroit, MI 48201"
1473,"1072 Oak St, Detroit, MI 48202"
1474,"1073 Pine St, Detroit, MI 48203"
1475,"1074 Main St, Detroit, MI 48204"
1476,"1075 Maple St, Detroit, MI 48205"
1477,"1076 Pine St, Detroit, MI 48206"
1478,"1077 Maple St, Detroit, MI 48207"
1479,"1078 Main St, Detroit, MI 48208"
1480,"1079 Main St, Detroit, MI 48209"
1481,"1080 Pine St, Detroit, MI 48200"
1482,"1081 Oak St, Detroit, MI 48201"
1483,"1082 Main St, Detroit, MI 48202"
1484,"1083 Main St, Detroit, MI 48203"
1485,"1084 Pine St, Detroit, MI 48204"
1486,"1085 Pine St, Detroit, MI 48205"
1487,"1086 Pine St, Detroit, MI 48206"
1488,"1087 Main St, Detroit, MI 48207"
1489,"1088 Maple St, Detroit, MI 48208"
1490,"1089 Main St, Detroit, MI 48209"
1491,"1090 Pine St, Detroit, MI 48200"
1492,"1091 Oak St, Detroit, MI 48201"
1493,"1092 Oak St, Detroit, MI 48202"
1494,"1093 Pine St, Detroit, MI 48203"
1495,"1094 Oak St, Detroit, MI 48204"
1496,"1095 Main St, Detroit, MI 48205"
1497,"1096 Maple St, Detroit, MI 48206"
1498,"1097 Main St, Detroit, MI 48207"
1499,"1098 Pine St, Detroit, MI 48208"
1500,"1099 Main St, Detroit, MI 48209"
